rangeMeters,rangeYards,velocityFPS,energyFtLbs,timeSeconds,dropInches,verticalPositionInches,crossWindDriftInches,leadInches,slantDegrees,verticalPositionMil,verticalPositionMoA,verticalPositionIPHY,crossWindDriftMil,crossWindDriftMoA,crossWindDriftIPHY,leadMil,leadMoA,leadIPHY,slantDropInches,slantMil,slantMoA,slantIPHY
9.144,10,2251.6088060761313,1688.1733775394641,0.013173459253792867,-0.033319685512577454,1.4587219012327086,0.01284932788303461,0.695574456751368,45,4.052005281201968,13.929768070743346,14.587219012327086,0.035692577452873915,0.1227020428803817,0.12849327883034609,1.9321512687537996,6.642246784868247,6.955744567513679,-0.00975910993963075,-0.027108638721196527,-0.09319263522475608,-0.0975910993963075
18.288,20,2213.676759271468,1631.7723928677863,0.02662278078329961,-0.1357299254457226,0.986534356885985,0.07425151974081445,1.4057147726951595,45,1.3701866067860904,4.710354582881332,4.9326717844299255,0.10312711075113119,0.3545248919673157,0.37125759870407227,1.952381628743277,6.711793639594328,7.028573863475797,-0.03975437475310754,-0.05521440937931602,-0.18981315754573722,-0.19877187376553768
27.432,30,2176.1992156157767,1576.9882918657388,0.04021443531356852,-0.30807675384574007,0.5842834010061337,0.16070488906473704,2.123370441878794,45,0.5410031490797534,1.8598318287451232,1.9476113366871126,0.14880082320808982,0.5115395494769743,0.5356829635491234,1.9660837424803648,6.758898036847226,7.077901472929313,-0.09023359207547829,-0.08354962229210952,-0.28722244423681054,-0.3007786402515943
36.576,40,2139.1622479936595,1523.7672011219388,0.054158982080449926,-0.5529073215882085,0.2545161844687336,0.30926870360140807,2.8596592446262528,45,0.17674735032550942,0.6076126328301427,0.636290461171834,0.21476993305653336,0.7383246438314469,0.7731717590035202,1.9858744754348976,6.826933565153567,7.149148111565632,-0.16194280512549478,-0.11246028133714916,-0.3866099690107861,-0.404857012813737
45.72,50,2102.55516120909,1472.0615429624727,0.06832452274139138,-0.8729609562658757,-0.000027965133468033088,0.4967283274682206,3.6076167901727545,45,-0.00001553618526001838,-0.00005340947070828127,-0.000055930266936066175,0.2759601819267892,0.948681224290021,0.9934566549364412,2.004231550095975,6.890040539291141,7.215233580345509,-0.2556843443791813,-0.14204685798843408,-0.4883211273529626,-0.5113686887583626
54.864,60,2066.4360864867963,1421.9198757952465,0.08271631496595273,-1.2726099096476855,-0.17497679603152694,0.7240091315383921,4.367520689780264,45,-0.08100777594052172,-0.27848422014975305,-0.29162799338587825,0.3351894127492556,1.1522963212873134,1.2066818858973203,2.0220003193427147,6.951125068390328,7.279201149633773,-0.37273881273060677,-0.17256426515305867,-0.5932322452865411,-0.6212313545510112
64.008,70,2030.7085046817836,1373.1764461711452,0.09737505234514325,-1.7588926019651965,-0.26329188799388525,0.998273350603917,5.141519613886378,45,-0.10448090793408145,-0.35917890386133,-0.37613126856269324,0.39614021849361786,1.361829756913055,1.4261047865770244,2.040285561066023,7.013985099078049,7.345028019837683,-0.515167715736754,-0.20443163322887062,-0.7027841869832688,-0.7359538796239343
73.152,80,1995.416738518514,1325.8622088645918,0.11231150954825395,-2.3272599701578907,-0.26952230408105926,1.3214173695586862,5.930182477959266,45,-0.0935841333614789,-0.3217185522621582,-0.3369028801013241,0.45882547554121045,1.5773257969055983,1.6517717119483577,2.0590911381803005,7.078633911075812,7.412728097449083,-0.6816386636752425,-0.23668009155390365,-0.8136462204536423,-0.8520483295940531
82.29599999999999,90,1960.5619487036984,1279.9479496823865,0.12749665151451536,-2.9909928911241344,-0.18038716739468486,1.6883309015670351,6.731976195948229,45,-0.05567505166502618,-0.1913967290759343,-0.20043018599409426,0.5210897844342701,1.7913747237392186,1.8759232239633725,2.0777704308482186,7.142848589125899,7.479973551053588,-0.8760415353295001,-0.2703831899165124,-0.9295089380158775,-0.9733794836994445
91.44,100,1926.1485121245569,1235.4088531246596,0.1428158330841965,-3.712137916675019,-0.03383992612366882,2.0788359399356637,7.540847365845276,45,-0.009399979478796894,-0.032314749098882316,-0.03383992612366882,0.5774544277599065,1.985142094319591,2.0788359399356637,2.09467982384591,7.20097880030001,7.540847365845276,-1.0872600230944076,-0.3020166730817799,-1.038256842616641,-1.0872600230944076
100.584,110,1892.1643048193584,1192.1992955372214,0.15859253470607662,-4.565013959706409,0.24443833262785208,2.5498663375715296,8.373876143522493,45,0.06172685167370002,0.2122012850133201,0.2222166660253201,0.6439056408008913,2.2135845373674177,2.3180603068832086,2.114615187758205,7.269511533214358,7.612614675929538,-1.3370616325867517,-0.3376418264107959,-1.1607270984329554,-1.215510575078865
109.728,120,1858.571530868974,1150.2433497538009,0.17465719211681152,-5.50617682384225,0.6110034124838251,3.0715781058689893,9.222109332398189,45,0.14143597511199654,0.48622106671714854,0.5091695104031876,0.7110134504326363,2.444284193224853,2.559648421557491,2.134747530647729,7.338721429971589,7.685091110331824,-1.6127218532911858,-0.3733152438174041,-1.283363273926159,-1.3439348777426547
118.872,130,1825.4287378858694,1109.5859193297126,0.19027912105725964,-6.517105903858187,1.0473347082198927,3.515367892482099,10.046965926768578,45,0.22378946756835313,0.769331519473634,0.8056420832460713,0.7511469855730979,2.582253124055028,2.704129148063153,2.146787591189867,7.380112109220641,7.728435328283521,-1.9088161255291751,-0.40786669348913995,-1.4021424084618557,-1.468320096560904
128.016,140,1792.6912118763605,1070.1438231929967,0.20766358667375814,-7.676101410977284,1.6317324310591212,4.269371184226777,10.96488657267844,45,0.3237564347339526,1.1129926380345028,1.1655231650422295,0.8470974571878526,2.9121065480060206,3.0495508458762695,2.175572732674294,7.479068136405939,7.832061837627458,-2.2482780501996165,-0.4460869147221461,-1.5335338505851364,-1.6059128929997262
137.16,150,1760.5279647589505,1032.0887067662318,0.22449217785605974,-8.920222611584546,2.301255847386514,4.925538352055062,11.853456381413382,45,0.4261584902567619,1.4650249737319982,1.5341705649243427,0.9121367318620484,3.135695104492841,3.2836922347033743,2.195084515076552,7.546144703351985,7.902304254275588,-2.6126727132395335,-0.4838282802295433,-1.6632791079840223,-1.7417818088263557
146.304,160,1728.9268095204418,995.3696342033551,0.24150948242229323,-10.236358682529636,3.0427941340517357,5.614919830308895,12.75199048327599,45,0.5282628704950929,1.8160339771815301,1.9017463337823348,0.9748124705397387,3.3511584227399895,3.5093248939430595,2.2138872366798594,7.61078369882613,7.969994052047494,-2.9981600434551305,-0.5205138964331824,-1.7893949666231328,-1.8738500271594567
155.448,170,1697.8926187185762,959.9566262894564,0.2591004774096035,-11.748285043929782,3.9801227111720117,6.4052731174339295,13.680816127799957,45,0.6503468482307209,2.2357277774094095,2.341248653630595,1.046613254482668,3.5979913358811775,3.7678077161376056,2.2354274718627383,7.684833572768486,8.047538898705858,-3.4409930220545295,-0.562253761773616,-1.9328860539111106,-2.024113542385017
164.59199999999998,180,1667.4290226987512,925.8185601085034,0.27686011439903613,-13.375690753910767,5.032930636873129,7.225308071500502,14.618546272406387,45,0.7766868266779521,2.6700526303401535,2.7960725760406273,1.1150166777006947,3.833144983161065,4.014060039722501,2.2559484988281464,7.755379666952454,8.121414595781326,-3.9176491187662514,-0.6045754812910882,-2.0783774085172833,-2.1764717326479177
173.736,190,1637.5144807757772,892.8972153436333,0.29495883727659417,-15.138124529635503,6.220766628317996,8.105023498220701,15.574180558808905,45,0.9094688053096485,3.126523448602579,3.2740876991147347,1.1849449558802194,4.073540695660792,4.2658018411687895,2.2769269822820037,7.827498380702371,8.196937136215213,-4.433854020283815,-0.6482242719713179,-2.2284308977278564,-2.3336073790967444
182.88,200,1608.1255893195423,861.1347114389802,0.3134163967479143,-16.895532093076717,7.403576407479342,9.047895600789404,16.548761847965974,45,1.0282745010387975,3.534947345448892,3.701788203739671,1.2566521667763062,4.3200519283623615,4.523947800394702,2.2984391455508297,7.901451750512841,8.274380923982987,-4.9485867783072175,-0.6873037192093358,-2.3627761412752593,-2.4742933891536087
192.024,210,1579.2584521484455,830.4960858189459,0.332514389973539,-18.906755141250184,8.840201671372938,10.103486605850723,17.557158807870827,45,1.169338845419701,4.019890839820293,4.209619843510923,1.3364400272289314,4.594342387982942,4.811184098024153,2.3223755036866174,7.983738888399017,8.360551813271822,-5.537660370638546,-0.7324947580209716,-2.518131489019356,-2.636981128875498
201.168,220,1550.921926781547,800.9603951609184,0.3516611693336068,-21.023148262903547,10.381997008746433,11.167664165718573,18.56813173421764,45,1.3108582081750546,4.506398572139117,4.719089549430197,1.410058606782648,4.8474244221150995,5.076210984417533,2.344461077552732,8.059663498638663,8.440059879189837,-6.157537564314249,-0.777466864181092,-2.6727342017476814,-2.7988807110519316
210.312,230,1523.0942054425004,772.4754781689063,0.3710746878854006,-23.339543866177447,12.123794827740465,12.278788890286965,19.593188809974613,45,1.4642264284710704,5.033639676206102,5.271215142495854,1.4829455181505995,5.097991166304341,5.338603865342159,2.366327150963117,8.134833521895436,8.518777743467224,-6.8359941286024695,-0.8256031556283177,-2.838214582228986,-2.9721713602619433
219.456,240,1495.7648715642595,745.0026698045723,0.39097920571047406,-25.681276202062854,13.890929379346003,13.476331450949669,20.644171236559885,45,1.6077464559428243,5.527025187193198,5.787887241394168,1.5597605846006561,5.362061912942318,5.615138104562362,2.389371670898135,8.21405474588683,8.601738015233286,-7.52187165005949,-0.8705869965346632,-2.9928576360432535,-3.1341131875247874
228.6,250,1468.936785106524,718.5175547787693,0.4113011256584261,-28.251158866637365,15.886214259640646,14.74733845484749,21.71719299611569,45,1.7651349177378495,6.0680868634912635,6.354485703856259,1.6385931616497211,5.633068350127103,5.898935381938996,2.4130214440128537,8.295356677042264,8.686877198446275,-8.274572855659608,-0.9193969839621786,-3.1606540127053053,-3.309829142263843
237.744,260,1442.5825567919899,692.9669517965414,0.43181323129283694,-31.046034008806924,18.106491617530335,16.051818900304824,22.800256788139343,45,1.93445423264213,6.650163791538637,6.964035237511667,1.7149379166992333,5.895522285266585,6.17377650011724,2.4359248705277077,8.37409285758411,8.769329533899748,-9.093172832231355,-0.9714928239563414,-3.3397463184176956,-3.497374166242829
246.888,270,1416.6932743656603,668.317501609306,0.4527122824039687,-34.02143616614218,20.507295990585725,17.424403297446933,23.903751765668435,45,2.1098041142577904,7.252972280824196,7.5952948113280465,1.7926340840994788,6.162622033850827,6.453482702758124,2.4592337207477817,8.45422278215938,8.853241394692013,-9.964647947357767,-1.0251695419092353,-3.524273282227753,-3.690610350873247
256.032,280,1391.2394967901118,644.5178762660735,0.474181145133223,-37.09988013597603,23.011142176139703,18.89727681862508,25.037333480408336,45,2.282851406363066,7.847865050455931,8.218265062907037,1.8747298431175672,6.444846464312178,6.749027435223243,2.4838624484532077,8.538890111297786,8.941904814431547,-10.866303310619264,-1.0780062808154032,-3.705912610782384,-3.8808226109354513
265.176,290,1366.2830384136348,621.6021727785552,0.4959441859233696,-40.33754423039578,25.674208486279582,20.421926855232513,26.18644814977702,45,2.459215372249002,8.454159704666953,8.853175340096406,1.9561232619954514,6.7246564272245335,7.042043743183625,2.5082804741165727,8.622833100171492,9.029809706819663,-11.814593168670603,-1.1316660123247704,-3.89038117950106,-4.073997644369173
274.32,300,1342.1467338314058,599.834122749313,0.5181128762235647,-43.75587525891075,28.517941730514686,22.017972828206535,27.356981600055686,45,2.640550160232841,9.077542786493295,9.505980576838228,2.0387011877969012,7.008538424988374,7.339324276068845,2.5330538518570083,8.707997699500647,9.11899386668523,-12.81579914658225,-1.1866480691279861,-4.0793955677286196,-4.271933048860751
283.464,310,1318.8277006804362,579.1716443762585,0.5407506547170872,-47.370625833467265,31.558094520791332,23.69658019955893,28.552283469847865,45,2.8277862473827358,9.721213040471309,10.180030490577849,2.123349480247216,7.299537819013735,7.644058128889977,2.5584483395921027,8.795297517708255,9.21041402253157,-13.874535077571883,-1.2432379101766922,-4.273937111054267,-4.475656476636091
292.608,320,1296.3120096726288,559.5646354941205,0.5636520442838846,-51.30913576460246,34.922006667646656,25.421584174252022,29.76150432064225,45,3.0314241898998833,10.421268719773332,10.91312708363958,2.206734737348266,7.586195217345747,7.944245054453757,2.583463916722417,8.881294737207856,9.300470100200702,-15.028097928630817,-1.3045223896380918,-4.484617632423257,-4.696280602697131
301.752,330,1274.562195634786,540.9451556199939,0.5869244206542819,-55.461324365218665,38.499597483982996,27.211883310325895,30.990313719850867,45,3.240706858921128,11.140729539386902,11.66654469211606,2.2905625682092503,7.874374072191818,8.246025245553302,2.608612265980713,8.96774839366168,9.391004157530567,-16.24424581298582,-1.36736075866884,-4.7006400326414655,-4.922498731207824
310.896,340,1253.5064456719463,523.2199718538383,0.6107482927541013,-59.868663074878924,42.33233840936339,29.099247900760982,32.248242755367855,45,3.45852437984995,11.889531018585057,12.450687767459819,2.3773895343758973,8.172863194750143,8.558602323753231,2.6346603558307073,9.057295130429177,9.484777280990546,-17.53512543405934,-1.4326082870963512,-4.9249445127962534,-5.157389833546865
320.04,350,1233.1608066076105,506.3730647576052,0.6349796349474681,-64.51186188768318,46.40093943788777,31.0583288575408,33.52768670078825,45,3.6826142411022045,12.659895215475494,13.257411267967935,2.4649467347254603,8.47386267751272,8.873808245011658,2.6609275159355756,9.147594975257949,9.579339057368072,-18.895086879932375,-1.499610069835903,-5.155279675047432,-5.39859625140925
329.18399999999997,360,1213.644009241998,490.4715297456592,0.6592922052812314,-68.89459459321742,50.20907435914214,33.03170629194295,34.81141958949536,45,3.874156972156029,13.31837062062726,13.946965099761705,2.5487427694400426,8.761932225259175,9.175473969984154,2.6860663263499505,9.234015839581884,9.669838774859821,-20.178759569255288,-1.5570030531832784,-5.3525822182168294,-5.605210991459802
338.328,370,1195.2977882260593,475.7550445334508,0.6842387601491405,-73.50468089979799,54.244562881442846,35.1166675402929,36.1286276223868,45,4.072414630738952,13.999930246208377,14.660692670660229,2.6363864519739413,9.063229011871682,9.49099122710619,2.7123594311101202,9.324404875565639,9.764493951996434,-21.52902258659749,-1.6162929869817935,-5.556405996674012,-5.818654753134457
347.472,380,1177.9981419654214,462.0834148147194,0.7096257385430319,-78.80849979762937,58.97378399499435,37.279145090909836,37.46909054595834,45,4.310949122441107,14.819951424783456,15.519416840787986,2.7250837054758654,9.368147708677334,9.810301339713115,2.738968607160697,9.415880484607333,9.86028698577851,-23.082475175586936,-1.6873154368119105,-5.800563194232271,-6.0743355725228785
356.616,390,1161.6754451826207,449.36659975277934,0.735224737256214,-84.59692233379788,64.187608746883,39.4789390658032,38.8207483968128,45,4.571767004763746,15.716577257506723,16.458361217149488,2.8118902468520797,9.666566615978306,10.122804888667488,2.765010569573562,9.505406156797624,9.954038050464822,-24.777864884057657,-1.764805191172198,-6.066953347054945,-6.353298688219913
365.76,400,1146.216271973942,437.48615054849273,0.7613501231617478,-90.42602556599174,69.44211419479699,41.77137929209924,40.20020012308808,45,4.822369041305347,16.578083599385167,17.360528548699246,2.9007902286180025,9.972182241218873,10.442844823024808,2.7916805641033386,9.597090844369797,10.05005003077202,-26.48516969253081,-1.8392478953146396,-6.322868512830735,-6.6212924231327035
374.904,410,1131.550235941652,426.3623518615057,0.7876319328918204,-96.1564295651903,74.59792040971567,44.09135073720943,41.58791121500759,45,5.05405964835472,17.37457723559537,18.194614734076993,2.9872188846347854,10.26930207434572,10.753987984685228,2.817609160908373,9.68622679430785,10.143392979270144,-28.163566164957555,-1.9081006886827612,-6.559566980893009,-6.86916247925794
384.048,420,1117.6011309074893,415.91524110884524,0.8141783321268161,-102.74738525824463,80.61427831849014,46.457890993544076,42.989592950294444,45,5.331632163921305,18.32880125464906,19.1938757901167,3.0726118381973597,10.5628614247051,11.061402617510495,2.843227046977146,9.774294599415663,10.235617369117724,-30.094012392953086,-1.9903447349836698,-6.842301185482025,-7.165241045941211
393.192,430,1104.3248283570838,406.0923824742607,0.8412822881676071,-108.99440681121679,86.28670208718243,48.922563477925934,44.42071435399546,45,5.574076362221088,19.162263014454936,20.066674903995917,3.1603723176954737,10.86455972970418,11.377340343703706,2.8695551908265795,9.864804090915387,10.330398686975688,-31.923722643600108,-2.062255984728689,-7.089513852077633,-7.424121545023281
402.336,440,1091.651791212537,396.8253733675301,0.8686573721509906,-116.20310704960873,92.9208045412945,51.434955564715835,45.866151638418884,45,5.866212407910005,20.166552762158222,21.118364668476023,3.2471562856512524,11.16290103530194,11.689762628344509,2.8955903812133137,9.954306482594715,10.424125372367929,-34.035102059884025,-2.148680685598739,-7.386620088411573,-7.73525046815546
411.48,450,1079.5367745114854,388.06640958744595,0.8962603715827175,-122.90224601144742,99.04534571885333,53.98746168207599,47.32362313201339,45,6.113910229558848,21.018075148667357,22.01007682641185,3.3325593630911103,11.456495188987759,11.997213707127997,2.921211304445271,10.042384728700462,10.516360696002975,-35.99723443369556,-2.2220515082528123,-7.638850397062037,-7.999385429710125
420.624,460,1067.9519244799424,379.782173381362,0.9242601402222749,-130.70129144096597,106.26979336409201,56.6098007670911,48.802044515904385,45,6.417258053387198,22.060908150464478,23.102128992193915,3.418466229896805,11.75182124293915,12.3064784276285,2.946983364486979,10.130982544885878,10.609140112153126,-38.28152195321959,-2.311686108286207,-7.946991453879381,-8.322069989830345
429.768,470,1056.8433061481396,371.92243123206197,0.9524600737865978,-137.89138920795082,112.88529334679698,59.26736967952468,50.29103484802091,45,6.671707644609751,22.935641411022868,24.018147520595104,3.5027996264494483,12.041738104609152,12.610078655218015,2.972283383452772,10.217957603386878,10.70022018042998,-40.3874528317752,-2.386965297386241,-8.205782243116962,-8.593075070590467
438.912,480,1046.1819462087458,364.4564264535409,0.9809658488404376,-146.2686874818685,120.68799383643481,61.97876791747916,51.796173977793714,45,6.984258902571459,24.01011348879227,25.143332049257253,3.586734254483748,12.330284101092916,12.912243316141492,2.997463771863062,10.304521402332007,10.790869578707024,-42.841106688183324,-2.4792307111217204,-8.52296737124324,-8.925230560038193
448.056,490,1035.9415501325739,357.3564908486849,1.009565199456113,-153.90250568488204,127.74721425516847,64.70663582861897,53.306254009522114,45,7.241905570020888,24.895837487825627,26.070860052075197,3.668176634275452,12.61026237922865,13.205435883391628,3.0218964858005735,10.388514885772729,10.878827348882064,-45.07700027350068,-2.5553855030329187,-8.78476826121741,-9.199387810918505
457.2,500,1026.0904995565909,350.5924047028046,1.038759959486038,-162.9323602681467,136.20247105415328,67.53929817830436,54.84777237281419,45,7.56680394745296,26.012755835683034,27.240494210830658,3.75218323212802,12.899055789722766,13.507859635660873,3.0470984651563437,10.475152908920963,10.969554474562837,-47.721783447810466,-2.651210191545026,-9.114189274713455,-9.544356689562093
466.344,510,1016.5997834849771,344.1368632504603,1.0681629882654151,-171.1458254250152,143.84133842674188,70.40861666096833,56.40028757599984,45,7.834495557012085,26.933011802016935,28.204184005243505,3.8348919749982753,13.18338750344246,13.80561110999379,3.07191108801742,10.560452423036871,11.058879916862713,-50.127451695217815,-2.730253360305981,-9.385919672875751,-9.828912097101533
475.488,520,1007.4489214020741,337.9692925186705,1.0977389258228478,-180.75461239000498,152.8755276074518,73.30836778020522,57.96193257015735,45,8.166427756808323,28.074110649993184,29.399139924509964,3.9160452874041245,13.462372041105928,14.09776303465485,3.0962570817391746,10.644147784335908,11.146525494261029,-52.941800238286405,-2.828087619566581,-9.722249081723135,-10.181115430439693
484.632,530,998.6264276305538,332.0758402321257,1.1277613112787512,-190.77683628257526,162.32315371574222,76.2866955153645,59.547150549091604,45,8.507502815290472,29.24664033089287,30.627010135045705,3.9982544819373427,13.744986434143108,14.393716134974435,3.1209198400991407,10.728932102247066,11.235311424356906,-55.8772416538504,-2.9285766065959327,-10.067704772384912,-10.542875783745357
493.776,540,990.1068232438948,326.4339175053224,1.1578918009712058,-199.76629999069502,170.7380196395821,79.28405002857376,61.13807656144083,45,8.782819940307721,30.19311088836867,31.618151785107795,4.078397635214699,14.0204983005246,14.682231486772919,3.144962786082347,10.811585662161512,11.32186602989645,-58.510194614728306,-3.009783673597135,-10.346874104734972,-10.835221224949686
502.92,550,981.8613884161146,321.01958848956417,1.1882630079885321,-210.38337744693922,180.78049931154644,82.32377175382973,62.741712737404086,45,9.1303282480579,31.38775645116532,32.86918169300844,4.15776625019342,14.293347500371091,14.967958500696316,3.168773370575964,10.89344042211546,11.40758413407347,-61.6198646052794,-3.11211437400401,-10.698661139613083,-11.203611746414436
512.064,560,973.8883695993193,315.82719921264083,1.2188965542097914,-221.37061266981092,191.19313675013828,85.40966622833473,64.35920073814204,45,9.483786545145747,32.602856570593865,34.141631562524694,4.236590586722953,14.564325608736462,15.25172611220263,3.192420671534823,10.97473385462507,11.492714417525363,-64.83795129556684,-3.2161682190261325,-11.056371909327897,-11.578205588494077
521.208,570,966.1737226012273,310.8433733589521,1.2500043998792112,-231.25162795817326,200.49955425422075,88.57903930291376,66.00173231890221,45,9.770933443188145,33.589994892086246,35.17536039547733,4.3167173149568105,14.839781009977706,15.540182333844518,3.216458690004981,11.057370474997445,11.579251284017932,-67.7320336685202,-3.300781367861608,-11.34725048850483,-11.882812924301788
530.352,580,958.6075797101728,305.9939834962822,1.2811268067850932,-242.91031246937868,211.5836409811463,91.75097521335509,67.64503275042107,45,10.133316138943787,34.835774834216394,36.479938100197636,4.39420379374306,15.106159902206306,15.819133657475016,3.2397046336408555,11.137284142666026,11.66293668110708,-71.14678330213769,-3.407412993397399,-11.713823014856354,-12.266686776230637
539.496,590,951.1564736865718,301.2555844981644,1.3124267392173004,-254.92466398025823,223.02339470774598,94.95415632653174,69.29770674276052,45,10.500159826165065,36.096890535352124,37.80057537419423,4.470534666974187,15.368566115169465,16.093924801107075,3.2626038956101944,11.216006006554974,11.7453740241967,-74.66570538811547,-3.5153345286306714,-12.084829924105026,-12.655204303070418
548.64,600,943.826426970753,296.63024933680987,1.344135101854713,-264.68142870356405,232.2055616467719,98.22922278954542,70.97194634005108,45,10.750257483646847,36.956662949746416,38.70092694112865,4.547649203219695,15.633666363129707,16.3715371315909,3.285738256483846,11.295536080943043,11.828657723341845,-77.52339561313005,-3.589046093200465,-12.338231617175937,-12.920565935521676
557.784,610,936.584690715919,292.0957777591884,1.3762370978214113,-277.47518249001547,244.42471764894347,101.57357029304664,72.6669702494879,45,11.13045162335808,38.263674125818305,40.069625844089096,4.625390268353672,15.900920458753102,16.651404966073223,3.3090605760240392,11.375712309630064,11.912618073686541,-81.27059934035059,-3.7008469644968387,-12.72257470144841,-13.32304907218862
566.928,620,929.4966931380744,287.69139239360385,1.4082514351400126,-290.5347133200771,256.90965069472526,104.90248952384823,74.35736567711484,45,11.510289009620307,39.56945887387288,41.437040434633104,4.6999323263372865,16.15717717787555,16.91975637481423,3.3314231934191234,11.452589325366798,11.993123496308845,-85.09564736136086,-3.8125290036451998,-13.106509270887782,-13.72510441312272
576.072,630,922.4988493972992,283.37585039182073,1.440616315277501,-300.9294283373399,266.72976792770817,108.29310569294518,76.06627018623038,45,11.760571778117644,40.42986765306315,42.33805840122352,4.774828293339734,16.414650546584653,17.189381856023044,3.3538919835198584,11.52983133597953,12.07401114067149,-88.14018890141548,-3.886251715229959,-13.359949284573396,-13.990506174827853
585.216,640,915.595468653761,279.15051887141937,1.4732904443232693,-314.7347863334672,279.9605281395556,111.7381509068951,77.7915034088018,45,12.151064589390433,41.77228305403937,43.743832521805565,4.849746133111767,16.672199108336763,17.459086079202358,3.376367335451467,11.60709590450516,12.154922407625282,-92.18368464177323,-4.00102797924363,-13.754521015551637,-14.403700725277067
594.36,650,908.8019912654248,275.0234400511477,1.5061346506675932,-328.924029961531,293.57517398333954,115.21313040569993,79.52571691682972,45,12.54594760612562,43.129790869667126,45.16541138205224,4.9236380515256375,16.926220812252755,17.725096985492296,3.398534910975629,11.68330241567996,12.234725679512266,-96.3396178805251,-4.117077687201927,-14.153470524338323,-14.821479673926937
603.504,660,902.1039769897941,270.98444669301085,1.5392840312813312,-342.3776250343886,306.45417127191723,118.74182179661878,81.27604399249182,45,12.897902831309647,44.33972380851202,46.43245019271473,4.997551422416615,17.18031626435264,17.991185120699818,3.420708922242922,11.759531051309924,12.314552120074518,-100.28008464602715,-4.220542283081951,-14.509155604717686,-15.193952219095022
612.648,670,895.5068583601338,267.03550118434663,1.5725815279938662,-357.35032968609704,320.85227813934586,122.29658221339024,83.03419177590973,45,13.302333256191785,45.730053195666535,47.88839972229043,5.070339229410871,17.430542312801244,18.253221225879138,3.442545264341199,11.834598865844505,12.393162951628318,-104.66548830580919,-4.33936518680801,-14.917638658299808,-15.621714672508835
621.792,680,889.0063721801353,263.17274957939543,1.6062651383714412,-372.8226718910029,335.75002255997185,125.91930017966344,84.81272682417814,45,13.715278699345253,47.149655059386674,49.375003317642914,5.143762262241154,17.68295210681637,18.517544144068154,3.464572174190283,11.910321804049042,12.47245982708502,-109.19723241678729,-4.460671258855689,-15.334658215760951,-16.058416531880482
630.936,690,882.5984920977294,259.3925701897995,1.6400982644242015,-388.69377480177167,351.0465276864607,129.5683335028319,86.59915647951514,45,14.132307877876839,48.58329577121575,50.876308360356624,5.216116485621252,17.931687604595524,18.77801934823651,3.4862784412043135,11.984942453382791,12.550602388335529,-113.8457708344419,-4.58316307707093,-15.755754068280623,-16.49938707745535
640.08,700,876.2794123828779,255.6915564504872,1.6743208356664456,-403.682437547537,365.4605926479462,133.28591073713034,88.40614930819113,45,14.502404470156593,49.85559413621201,52.20865609256374,5.2891234419496165,18.182667032959774,19.04084439101862,3.508180528102822,12.060236281892063,12.62944990117016,-118.23584851175838,-4.691898750466602,-16.129559778368076,-16.890835501679767
649.224,710,870.0500375251846,252.0691113377235,1.70869761440682,-420.4292453970563,381.63280271318564,137.03062910792966,90.22128447781739,45,14.930860826024476,51.32851859002839,53.75109897368812,5.361135724097404,18.430227023371746,19.300088606750656,3.5297842127471593,12.134504279015658,12.707223165889774,-123.14087496765447,-4.817718112975527,-16.562094885538077,-17.343785206711896
658.3679999999999,720,863.9116165899633,248.52483703883675,1.7432737874593964,-437.61650371819616,398.2454632500456,140.8104416752538,92.04694790640109,45,15.364408304399907,52.818945033804866,55.31186989583966,5.432501607841582,18.67556485975905,19.557005788229695,3.5511939778704122,12.208105629931849,12.784298320333486,-128.1749063799114,-4.945019536262013,-16.99972494236028,-17.80207033054325
667.512,730,857.8600103409276,245.0552532529136,1.7780424215401813,-452.0851839498955,412.1395456974651,144.62412815338672,93.88277350822743,45,15.682631114819827,53.91291447272295,56.45747201335138,5.5032012234926455,18.91861223516076,19.81152440457352,3.572403862565732,12.281019842552363,12.860653905236635,-132.41268470495638,-5.038534425607168,-17.32120545122892,-18.138723932185805
676.656,740,851.8916352879877,241.6572772542229,1.8131975306442465,-470.13899577421824,429.61875973750796,148.5058357815171,95.73900545505299,45,16.126830320477026,55.43995885756583,58.05658915371729,5.574543385192084,19.16386852116537,20.068356186691503,3.5938065110755626,12.354596728353743,12.937703439872026,-137.70052376203463,-5.168938579655954,-17.769501910709902,-18.608178886761436
685.8,750,846.0033038534206,238.32812060372294,1.8484882622845353,-488.61796637992927,447.5231325589391,152.41141351851297,97.60239843453822,45,16.574930835516263,56.98041495613875,59.66975100785855,5.644867167352332,19.40562387619767,20.321521802468396,3.614903645723637,12.427123334863435,13.013653124605094,-143.1128889431005,-5.300477368262982,-18.22169895647952,-19.081718525746734
694.944,760,840.1995540765463,235.06938090627463,1.8841332834335,-507.64402685309193,465.9745952478219,156.37934762619383,99.48449832522893,45,17.03123520642624,58.54907383373945,61.312446743134466,5.7156194307819375,19.648852241330054,20.576229950814977,3.636129324752519,12.500091844403148,13.090065569109068,-148.6854930364245,-5.434411295190954,-18.682129881277607,-19.563880662687435
704.088,770,834.4694646406416,231.87400793991497,1.919881063574194,-523.4039483544506,481.15991896490067,160.365367727455,101.37202401399374,45,17.357861434520224,59.67193209463029,62.48830116427281,5.7851864259543655,19.888005954338784,20.826671133435717,3.656999423304247,12.57183795830577,13.165197923895292,-153.30146717320474,-5.53035595862932,-19.011963338188973,-19.909281451065553
713.232,780,828.8225610684734,228.7464162739209,1.9558391369107593,-543.193555584999,500.3749284111692,164.38840027236233,103.27065343585238,45,17.819619957662724,61.25934096645584,64.1506318475858,5.854287758987263,20.125558838831058,21.075435932354146,3.6777298232141162,12.64310382365345,13.239827363570818,-159.09770893401404,-5.665872825285401,-19.477836008925742,-20.39714217102744
722.376,790,823.2507810462519,225.68124705634537,1.9922802679202456,-563.6236545640999,520.2304296059903,168.49645289993444,105.19478888251048,45,18.292209198522865,62.883983103140736,65.85195311468232,5.924629145567315,20.367374713400693,21.328664924042336,3.698832239188132,12.71564858602434,13.315796061077275,-165.0815463846803,-5.804555076817168,-19.954590471297273,-20.89639827654181
731.52,800,817.7514345208629,222.67619898402396,2.0287378718987004,-584.4403841084015,540.4725613660121,172.60740483593685,107.11979412169767,45,18.766408380764307,64.51415981061038,67.55907017075151,5.9933126679144735,20.60349127055726,21.575925604492102,3.7194372958922797,12.786483553171314,13.389974265212208,-171.1786253060799,-5.9437022675722195,-20.432943276982254,-21.39732816325999
740.664,810,812.3305039921496,219.73371269939653,2.0657381861332347,-599.5520326376883,555.0096121110189,176.8138759478503,109.07345511365816,45,19.03325144413645,65.43149869003011,68.51970519889122,6.063575992724633,20.845038788529525,21.828873573808682,3.740516293335328,12.85894780856299,13.46585865600718,-175.60472468540027,-6.022109900048021,-20.702488862332533,-21.679595640172874
749.808,820,806.9737279410767,216.84527429065994,2.102890778517972,-621.312022505817,576.1950041948678,181.04714862331204,111.03515657468313,45,19.5188009551107,67.10069495344855,70.2676834383985,6.133033489949594,21.08381607532294,22.07892056381854,3.7613535425028157,12.930580994601014,13.540872753010138,-181.9780781592246,-6.164569043334167,-21.19222732213635,-22.192448556003
758.952,830,801.6912692957237,214.0156232012953,2.140028235272146,-643.4507791105631,597.759163015334,185.27775736725218,112.99605885625162,45,20.005326740807696,68.77324740214256,72.01917626690772,6.2007281582079035,21.316533202528767,22.322621369548454,3.7816619429803087,13.000396132762763,13.613982994729112,-188.46236984171622,-6.307308227634411,-21.682928492032087,-22.706309619483882
768.096,840,796.4755832989445,211.2399730471449,2.1775516201779475,-666.2132137248144,619.9469998453054,189.57629100959133,114.97733860733985,45,20.500892852027295,70.47687820070891,73.80321426729826,6.269057242380665,21.551431290995854,22.568606072570397,3.8021606682321374,13.07086555930289,13.687778405635695,-195.12933258391504,-6.452689569573911,-22.18271273082013,-23.22968245046608
777.24,850,791.32693900729,208.5177698102336,2.2153934491187712,-689.5695228829703,642.7287112191815,193.93087207587058,116.97543258561006,45,21.00420624899286,72.20714220583098,75.61514249637429,6.3376101985578615,21.78709899472325,22.8153967148083,3.8227265550852967,13.14156587042111,13.761815598307066,-201.97023715284942,-6.600334547478739,-22.690278776838266,-23.76120437092346
786.384,860,786.2421456312563,205.8466530844335,2.253466915224878,-705.8577261838249,658.4423167357561,198.32622220978828,118.98575728417184,45,21.267516690431396,73.11233682560596,76.56306008555303,6.405885730290319,22.021812983461615,23.061188629045148,3.843209214605033,13.211980067042617,13.83555317257812,-206.74094144632463,-6.677678987284387,-22.95616937501998,-24.039644354223793
795.528,870,781.1999293081841,203.21490603614666,2.291722799578657,-730.0270812251006,682.037073992752,202.75367868496932,121.0057138851126,45,21.776407215605108,74.86177358521596,78.39506597617839,6.473616816250617,22.254655305504848,23.30502053850222,3.8635285403931223,13.281832763655586,13.90870274541524,-213.81998164100898,-6.826947051117783,-23.469315179447786,-24.57700938402402
804.672,880,776.1879914515752,200.61574223699247,2.330183668737842,-754.7360742773043,706.1714692606758,207.21721330584091,123.03649392976054,45,22.29076607514759,76.63000909364392,80.24675787053134,6.5409473897045745,22.48612076697275,23.54741060293647,3.8837277124293097,13.351272402095956,13.981419764745516,-221.05707814970816,-6.977811810281193,-23.987950018090313,-25.120122517012295
813.816,890,771.2079951910611,198.04971268956533,2.3690094974892353,-780.0966338879937,730.9574310870853,211.7449822747796,125.08654427882861,45,22.81390234354199,78.42841911100855,82.13004843675115,6.6087697339194635,22.71927681178602,23.791571042110068,3.904074415693777,13.421219215539939,14.054667896497596,-228.4850140849934,-7.131242636859968,-24.515406346703685,-25.672473492695886
822.96,900,766.2635544324896,195.5183438137719,2.4080332779762443,-800.2101489620602,750.496348376872,216.30759154099366,127.14704671707928,45,23.16346754249605,79.63013574489925,83.38848315298578,6.676160232746718,22.950948281512456,24.034176837888186,3.924291565341953,13.49072065645787,14.12744963523103,-234.37612625668962,-7.233831057305234,-24.868079357811553,-26.041791806298846
832.104,910,761.3503512647877,193.01909499017088,2.4473895446907585,-826.5807505177061,776.292352148238,220.92871971319352,129.22510482712568,45,23.696347745672707,81.46204294259657,85.30685188442176,6.743855913101145,23.183668888048448,24.277881287164124,3.9446002694482805,13.560536838418665,14.20056097001381,-242.09989662836975,-7.390106734687722,-25.40531556308881,-26.604384244875796
841.248,920,756.464189837972,190.5495457485679,2.4870211603566594,-853.5678467845263,802.7048506307783,225.59831040223318,131.31770169222406,45,24.236257567354418,83.31811618860962,87.2505272424759,6.811543188473224,23.416360600383506,24.521555478503608,3.964906452059905,13.630344352119186,14.273663227415659,-250.00423412038722,-7.548437020543092,-25.949614992008996,-27.174373273955133
850.3919999999999,930,751.611518396094,188.11265980822506,2.5266853363034247,-881.0111528393235,829.5735589012957,230.27363183094613,133.41201777922439,45,24.77818276288219,85.18111777955396,89.20145794637587,6.8779459925611155,23.644636625709158,24.760605573220015,3.984827293286272,13.69882715971688,14.34537825583058,-258.04219236565945,-7.7073534159396475,-26.49592931711173,-27.746472297382734
859.536,940,746.7916368000957,185.70776425904157,2.5666605121492965,-909.1089734784554,857.0967817561477,235.00369048590142,135.52275503409743,45,25.32791908262848,87.07097203755687,91.18050869746251,6.944553501356426,23.873616373981704,25.00039260488313,4.004809545924865,13.767521084198643,14.417314365329513,-266.27185349429783,-7.868553590257028,-27.050094695824765,-28.3267929249253
868.68,950,742.0038777096117,183.33421356737733,2.6069319071984163,-931.0648737213767,878.4780842147891,239.78588490550518,137.64913301836503,45,25.68649369049091,88.30366073782919,92.47137728576728,7.0112831843714964,24.10301612628372,25.24061946373739,4.024828450829387,13.83634100988925,14.489382422985793,-272.7025877883941,-7.973759876853628,-27.411767267840784,-28.705535556673066
877.824,960,737.2449441348583,180.99008166659613,2.6475588463768926,-960.3107947689103,907.1494074780429,244.6306565140522,139.7942841593156,45,26.248536096008184,90.23582020245256,94.49472994562946,7.078433348207529,24.33386138517017,25.482360053547104,4.0449734999801965,13.905594587555184,14.561904599928708,-281.26851974117034,-8.138556705473679,-27.978297033268525,-29.298804139705243
886.968,970,732.5135301981152,178.67445742278133,2.68838266878149,-990.153988211242,936.4180031360947,249.51008035792944,141.9498309708652,45,26.81609401878851,92.18694061873633,96.53793846763864,7.145191304637154,24.56335833431176,25.722688696693755,4.0650008869090835,13.974443672297662,14.6340031928727,-290.0093887281673,-8.304965312948664,-28.550367686250077,-29.897875126615187
896.112,980,727.812475634661,176.3884571317977,2.729595775500934,-1020.7449543756586,966.4343715162315,254.45801979835693,144.1259324613799,45,27.393264498759393,94.17110657246114,98.61575219553383,7.212528905849119,24.79484795543206,25.96510406105683,4.085202167272673,14.04389055863375,14.706727802181623,-298.9692752746767,-8.474185807105348,-29.13210489359152,-30.507068905579253
905.256,990,723.145033407902,174.13336226952066,2.770920170521573,-1051.8858070222527,997.0006263785457,259.425546424948,146.30791010774368,45,27.974203882675244,96.16822906355222,100.70713397763087,7.2790557358290675,25.023550350367625,26.204600648984645,4.105160216266658,14.112501277114418,14.778576778559968,-308.0902198429331,-8.644506729599694,-29.717625094897258,-31.1202242265589
914.4,1000,718.5124223962141,171.90944264281126,2.8124346645622005,-1079.6861633418448,1024.226384913858,264.426531239453,148.49992521048168,45,28.450732914273836,97.80641520312587,102.42263849138581,7.34518142331814,25.25087371900055,26.442653123945302,4.124997922513379,14.180698287704297,14.849992521048167,-316.2327556895393,-8.784243213598314,-30.198003741527383,-31.623275568953932
923.544,1010,713.9087296427084,169.7135645445804,2.854152009719422,-1111.9540743109094,1055.9196980986426,269.46321866188316,150.70265109559716,45,29.0406957672894,99.83455809597598,104.54650476224184,7.410979611162903,25.47707122678881,26.67952660018645,4.144737378866808,14.248557540040776,14.92105456392051,-325.6838079976545,-8.957200439979497,-30.79258688800696,-32.24592158392619
932.688,1020,709.330684091539,167.54391673711018,2.896288548528785,-1145.0285241402703,1088.4195501437237,274.57368584386467,152.92751090857809,45,29.641055287138443,101.89844209666002,106.7077990336984,7.477496891172784,25.70574079134562,26.918988808222025,4.1646925628697735,14.31715840940782,14.992893226331184,-335.37109006866007,-9.133199620606211,-31.39762750287105,-32.87951863418236
941.832,1030,704.7770723772078,165.3996951194506,2.9386859814466892,-1178.7969781157512,1121.6134063349248,279.7300714325261,155.16614624356293,45,30.248473741502824,103.98659292667952,108.89450546941018,7.543960933994771,25.93422733993165,27.158259362381173,4.184631775716369,14.385704373983627,15.064674392578926,-345.26164124789256,-9.311263248325043,-32.009765164059566,-33.52054769397015
950.976,1040,700.2536719640481,163.28337173418942,2.9814710202433083,-1213.371629181167,1155.6134596160607,284.95467720626465,157.42524763407098,45,30.865744113676836,106.10861215533531,111.1166788092366,7.610968942475017,26.164583904702802,27.399488192910063,4.204734178260443,14.454811343414974,15.137043041737595,-355.3883220877941,-9.492209457473132,-32.631812410248116,-34.171954046903274
960.12,1050,695.7606719732967,161.19476117893993,3.024569874517086,-1244.131117913737,1185.7983505643508,290.234515759245,159.70091885835157,45,31.370326734506637,107.84323943069809,112.93317624422389,7.67816179257262,26.395575908147126,27.641382453261432,4.224892033289724,14.524108944448272,15.209611319843008,-364.39756775173265,-9.640147295019382,-33.14038523355284,-34.704530262069774
969.264,1060,691.2983947783692,159.1337389746406,3.0677449892075974,-1279.9040673579318,1220.9967022242656,295.5277764506123,161.9806167241482,45,31.996768926212408,109.99678905233162,115.18836813436468,7.744438586231978,26.623418741529,27.87997891043512,4.244775071387532,14.592461794462833,15.281190256995114,-374.87522206089375,-9.823774163021323,-33.77164790605985,-35.365586986876764
978.408,1070,686.8621254188322,157.09787441445118,3.1114848197072593,-1316.6619385245453,1257.1799756065993,300.92042938325335,164.29013226232695,45,32.63707101782449,112.19798550011176,117.49345566416817,7.812056837571478,26.855873166718958,28.123404615257325,4.265060546789381,14.662198122019818,15.354217968441771,-385.6413532636134,-10.011457769045,-34.41685661660109,-36.041247968562004
987.552,1080,682.4569904920049,155.08926702402562,3.155255598929779,-1353.9667536625695,1293.9101929603437,306.3185294149122,166.60128193021106,45,33.27958315227222,114.40677951551348,119.80649934817997,7.878562999354738,27.084504509628097,28.362826797677055,4.285012395324357,14.730787524892559,15.426044623167689,-396.5676806466301,-10.199786024861885,-35.06428146988721,-36.71922968950279
996.696,1090,678.0792223578992,153.10594136051714,3.199358632227779,-1392.0818094350152,1331.4506509485095,311.7751074928718,168.92997501198542,45,33.930954407454365,116.64602894461218,122.15143586683574,7.945339130807131,27.314063939895522,28.603220870905673,4.305045234760077,14.799655353972787,15.498162845136276,-407.7313220170759,-10.390706473421915,-35.7206176254054,-37.406543304318895
1005.84,1100,673.7314576071892,151.14884107370662,3.246400792957386,-1422.7809446494366,1361.575188378651,317.74898375530404,171.41385754910152,45,34.38321182774372,118.2007754307852,123.77956257987738,8.023964236245051,27.58435714221906,28.886271250482185,4.328632766391452,14.880743314669848,15.583077959009229,-416.7228905448172,-10.523305316788312,-36.176458871000925,-37.883899140437926
1014.984,1110,669.4099971166762,149.21605641285933,3.2883162593719053,-1459.7582159227013,1397.977861867636,322.8205413115036,173.62704447434785,45,34.98443097766857,120.26761462198644,125.94395151960686,8.0785921249125,27.77215399008157,29.08293164968501,4.345021132991688,14.937082369028602,15.642076078770078,-427.55328255098186,-10.699531595369915,-36.782280191126105,-38.5183137433317
1024.128,1120,665.1143492179452,147.30714248051257,3.333268003259559,-1499.9412035097857,1437.5862516704403,328.42649584808464,176.00055049370863,45,35.65442092436608,122.57087039771868,128.35591532771787,8.14549840893067,28.002160851911697,29.323794272150415,4.365093018197139,15.006084427577639,15.714334865509699,-439.322607126904,-10.895897994218851,-37.45733814466394,-39.22523277918786
1033.272,1130,660.8476022151269,145.4232369357427,3.3786045687324884,-1541.020792301106,1478.0912426774807,334.10018052296056,178.39437555455788,45,36.33459298617209,124.90912970678517,130.80453475021952,8.212885460249769,28.233820469978102,29.566387656899167,4.385309133592869,15.075582312997565,15.787112880934325,-451.3545401155268,-11.09524434895592,-38.142640431933366,-39.94287965624131
1042.416,1140,656.6090188234411,143.56377100066223,3.424101226063784,-1582.8033428547537,1519.2991954468487,339.80204200527635,180.79665365763907,45,37.019960902700994,127.26525104864686,133.27185924972358,8.279776851980419,28.463776135894904,29.807196667129507,4.405376551112063,15.144569012772605,15.859355584003428,-463.59236583742046,-11.29611027868958,-38.83316663324033,-40.66599700328249
1051.56,1150,652.3977352292151,141.7281308602493,3.4698735734615536,-1613.363030518118,1549.284285325933,345.5524260420519,183.2134885270582,45,37.42232573251046,128.6484794430105,134.72037263703766,8.346676957537484,28.69376175774033,30.048037047134947,4.425446582779183,15.21356469932623,15.93160769800506,-472.543091123077,-11.41408432664437,-39.23873153563589,-41.09070357591973
1060.704,1160,648.2132550724947,139.91587253976314,3.516094060667095,-1656.6309374234288,1591.977594446964,351.3816844775546,185.65398571609543,45,38.12206883254225,131.054019025539,137.23944779715208,8.414312367757534,28.926275170816485,30.29152452392712,4.445737205845198,15.283318723249076,16.00465394104271,-485.2159676478942,-11.619156313407428,-39.943717095913485,-41.828962728266745
1069.848,1170,644.0550939538073,138.12656418088267,3.5625446497568776,-1700.6910671225212,1635.4631263617766,357.251441765091,188.10663256074284,45,38.82865922036507,133.48309784955987,139.78317319331424,8.481753128325996,29.158119427681463,30.53431126197359,4.4659694340157365,15.35287200030857,16.077489962456653,-498.12088085679954,-11.826231739240255,-40.65558997238369,-42.57443426126492
1078.992,1180,639.9257730880381,136.36106161502025,3.6093447905891702,-1745.6675555253262,1679.8650169803016,363.1827215575164,190.5777361568569,45,39.54484503249298,135.94516331250009,142.3614421169747,8.549499095045114,29.391012906005272,30.778196742162407,4.4862932240314715,15.422740043805714,16.150655606513297,-511.294189316023,-12.03611556770299,-41.377117425925974,-43.33001604373076
1088.136,1190,635.8218012801947,134.6176485745336,3.6563444415543427,-1791.4265264882351,1725.0493901589307,369.1491159313691,193.05937412739917,45,40.267259340778025,138.42864076799148,144.9621336268009,8.616926142188822,29.622810019588584,31.02093411187976,4.506521338174584,15.492279177880706,16.2234768174285,-524.6966816109407,-12.24782169960179,-42.104909497221044,-44.092158118566445
1097.28,1200,631.743487459841,132.8962471855428,3.703685474494091,-1838.1163365931216,1771.1646024795373,375.17559489827494,195.5590374758574,45,40.999180612952244,140.94480075789306,147.5970502066281,8.684620252274883,29.855525227939562,31.26463290818958,4.526829571200403,15.562093740386002,16.29658645632145,-538.3718103783497,-12.46231042542476,-42.84226742179338,-44.86431753152914
1106.424,1210,627.6919626616623,131.19712118728123,3.7512201481899203,-1878.565622124832,1811.039290226968,381.23615541281424,198.06892528860564,45,41.57574128161084,142.92687033474823,149.672668613799,8.751977856125212,30.087083613065307,31.507120282050764,4.547036852355502,15.631561255923724,16.369332668479807,-550.2191318164367,-12.63129320056099,-43.42318741133988,-45.472655522019565
1115.568,1220,623.6672778028209,129.5200748790073,3.7991094922700848,-1926.8365967232644,1858.7356670411205,387.35913933367794,200.5975401232512,45,42.320939595653925,145.48867343246042,152.35538254435414,8.819652534919808,30.3197320215568,31.75074912571131,4.56733925599388,15.701355778471171,16.442421321577967,-564.357372941834,-12.849666961335018,-44.173901102269696,-46.25880106080607
1124.712,1230,619.6660675510385,127.86350361210937,3.847377038481808,-1976.1083951776457,1907.432867711222,393.54868834250453,203.14612448428562,45,43.07662302870871,148.08652171419655,155.07584290335137,8.887730089035784,30.553765413383406,31.995828320528823,4.587762522228672,15.771565796019154,16.51594508002322,-578.7887485878654,-13.071109950042127,-44.935166021615316,-47.05599582015165
1133.856,1240,615.690807849709,126.22823495461147,3.895976666220988,-2026.3476635290767,1957.097538278373,399.7966850284897,205.71224314846762,45,43.841790732042405,150.71697451545745,157.83044663535267,8.95601892984968,30.788525155373506,32.24166814745885,4.60824917447284,15.841993718616182,16.589697028102226,-593.5034896061488,-13.295329068238098,-45.705974571146626,-47.863184645657164
1143,1250,611.7417924073992,124.6141824578049,3.9448876892173526,-2077.5455405519065,2007.7208175169228,406.0994885253203,208.29480385590327,45,44.616018167042725,153.37857237999967,160.61766540135383,9.024433078340449,31.02371567342513,32.48795908202562,4.628773419020073,15.912550874031673,16.66358430847226,-608.4990006037807,-13.522200013417349,-46.485899430326434,-48.679920048302456
1152.144,1260,607.8168873901434,123.02027529280107,3.9940804691747815,-2129.6826190314996,2059.2832982122363,412.45188237432615,210.8922416689915,45,45.3986617771657,156.06910292339234,163.43518239779652,9.092854549698549,31.258931365640272,32.73427637891478,4.649299860427502,15.983115581696213,16.737479497539006,-623.7695973391983,-13.75153433287474,-47.27429274647621,-49.50552359834907
1161.288,1270,603.9193824295795,121.44764747264756,4.043598392521657,-2174.6414986804957,2103.667580076952,418.8615027604481,213.50684744321453,45,46.0119768170812,158.17752472134893,165.6431165414923,9.16145019161085,31.4947458121157,32.981220689799066,4.669878553001193,16.053859915638842,16.811562790804295,-636.9377483138394,-13.931271835385813,-47.8921847653265,-50.15257860738893
1170.432,1280,600.0460067382356,119.89477856249424,4.0934200607426,-2228.559676560764,2157.0111601729404,425.32458345938545,216.1374913112822,45,46.81013802458638,160.921400835033,168.51649688851097,9.230134189656802,31.73086400460425,33.22848308276449,4.690483752414978,16.124695373385407,16.88574150869392,-652.7300169857473,-14.165147938058752,-48.69619158205922,-50.994532577011505
1179.576,1290,596.1963559149515,118.36132126194353,4.14354778831214,-2283.475440445515,2211.3523262734116,431.8415318279132,218.78429548022697,45,47.617405819840904,163.6965830913454,171.42266095142725,9.298913260721646,31.967309034056495,33.476087738597926,4.711117473734431,16.19562888222108,16.960022905443953,-668.8144718335516,-14.401689746631174,-49.50936242063981,-51.84608308787222
1188.72,1300,592.3717796019205,116.84762553791631,4.19414854473619,-2339.5873080365886,2266.8895960802056,438.44173516695,221.4560761403245,45,48.43781188205568,166.51693138247435,174.37612277540043,9.368413144592948,32.2062320354065,33.72628732053462,4.731967438895823,16.267305782626085,17.03508278002496,-685.2492573459353,-14.642078148417422,-50.33575687261985,-52.71148133430272
1197.864,1310,588.573359380259,115.35392374490421,4.2447552909795006,-2396.3870148796955,2323.1147051390326,445.04299273813626,224.12817307006682,45,49.26027788674793,169.34436123420338,177.33700039229257,9.436874315906197,32.441584206014255,33.97274753726231,4.7525057902897965,16.337911433808408,17.10902084504327,-701.8855063108734,-14.883068412020219,-51.16422037311619,-53.57904628327278
1207.008,1320,584.7952089447398,113.87772488080797,4.296041150234932,-2454.6439520800795,2380.797044555137,451.76377691590767,226.8361279817847,45,50.10094790730507,172.23437188268758,180.36341246629826,9.50681348728762,32.68201736658363,34.22452855423543,4.773487541704223,16.41004138197922,17.184555150135203,-718.948568165707,-15.129389060726156,-52.01100838778801,-54.46580061861416
1216.152,1330,581.0460964470528,112.4222688815392,4.347360485249334,-2475.8401577206596,2401.418652411437,458.49045296116094,229.54585045374714,45,50.15494261510938,172.4199920150825,180.55779341439376,9.575823996682558,32.9192580224078,34.47296638805721,4.7941906945227055,16.481213578726475,17.25908650028174,-725.1567930624084,-15.145296429874861,-52.065693894711,-54.523067147549504
1225.296,1340,577.3185959763681,110.98448308637039,4.399358933800417,-2535.4210327216497,2460.4249296281473,465.33665570532423,232.29143093538258,45,51.003833532921796,175.3382640265592,183.61380071851846,9.646282249281182,33.1614756527554,34.726616097412254,4.815328170302292,16.553878867830754,17.335181413088254,-742.6076273211703,-15.394022125231556,-52.92074985074011,-55.4184796508336
1234.44,1350,573.6133982037451,109.56447039014712,4.4513585433790155,-2595.7116675044485,2520.1409666266663,472.1830627949744,235.03707272066407,45,51.85475239972565,178.26350761313253,186.67710863901235,9.715700880555028,33.400119328250874,34.9765231699981,4.8361537596844455,16.625471970479392,17.410153534864005,-760.2663454070105,-15.643340440473468,-53.77784308386594,-56.31602558570448
1243.584,1360,569.9354110338767,108.16392855489694,4.503928139462583,-2657.383297793018,2581.237999130956,479.1297897894451,237.81281047739174,45,52.72136436133488,181.24270008569707,189.79691170080557,9.786147667268077,33.642297541787364,35.23013160216508,4.85728779569836,16.698125434540337,17.4862360645141,-778.3295477117027,-15.897253833980859,-54.6507330324605,-57.23011380233108
1252.728,1370,566.2801898341601,106.78098140981712,4.55673991080495,-2720.068098528674,2643.348202082332,486.1191405981655,240.60133537839434,45,53.59586784432952,184.249021610421,192.94512423958628,9.856430263547555,33.88391131019104,35.4831489487712,4.878372574582204,16.770609565061445,17.562141268495935,-796.6895007698489,-16.153477306769037,-55.531564448642925,-58.152518304368535
1261.872,1380,562.6488120689976,105.41586643638144,4.609939199747921,-2783.951664723798,2706.657170493176,493.17669605466267,243.41032167372992,45,54.481827103324804,187.29472519209824,196.1345775719693,9.92706715085875,34.126743041444925,35.7374417430915,4.899563640775562,16.843459084437608,17.638429106792024,-815.4005641020209,-16.413054832971433,-56.423926251119184,-59.086997398697164
1271.016,1390,559.040485876858,104.06811582593731,4.663290059905907,-2848.7619179490575,2770.8928259341556,500.26092865128726,246.22731111110377,45,55.373557672545076,190.3602690768648,199.3448076211623,9.997220796388634,34.3679135098256,35.98999486699908,4.920609734434528,16.915810224951812,17.7141950439643,-834.3830477812821,-16.6743214984269,-57.32209488660812,-60.02755739433684
1280.16,1400,555.4529418797415,102.7367239034172,4.717247572634759,-2915.0676306602363,2836.6239408610545,507.4519345269946,249.07633253220243,45,56.28222104883045,193.48402366444003,202.6159957757896,10.068490764424496,34.61292161229637,36.246566751928185,4.941990724845287,16.98931265569304,17.79116660944303,-853.8035414029792,-16.94054645640832,-58.23730887621686,-60.98596724306995
1289.304,1410,551.892247138091,101.42377163917595,4.77126953789641,-2982.2167034268277,2903.198415843366,514.6542843062848,251.92875712437595,45,57.19461024120106,196.62058666423096,205.90059686832382,10.13897329208599,34.855222694162954,36.500303851509564,4.963135483143734,17.062002980253016,17.867287739317444,-873.4710494659249,-17.207861494600568,-59.15627028555031,-61.94830138056205
1298.448,1420,548.3518375927741,100.126670874267,4.825876018898782,-3050.869394821489,2971.2765094537476,521.9595111940047,254.81204484907838,45,58.123562391505224,199.81408891917295,209.24482460941883,10.210475571087727,35.10102942290649,36.757712055915825,4.984586166844256,17.13574499887608,17.94451020063932,-893.5789572287139,-17.480026549857467,-60.09190482538612,-62.92809557948689
1307.592,1430,544.8349457504394,98.84645102967748,4.880784998622848,-3120.6901485644203,3040.522665412399,529.3179790667377,257.71130486928473,45,59.06221183784769,203.04092802225614,212.6239626162517,10.282012025383406,35.34695363765642,37.015243291380266,5.006047103132959,17.209522263301054,18.021769571278654,-914.0289825324624,-17.75503074072382,-61.0372995944952,-63.91811066660576
1316.7359999999999,1440,541.3393688573757,97.58215271638859,4.936016152025683,-3191.717464350654,3110.975383414353,536.7331507956287,260.6275760463385,45,60.011099217097865,206.30296254613256,216.0399571815523,10.353648742199628,35.593222529562574,37.273135471918664,5.0275381181778265,17.283402930872903,18.099137225440174,-934.832401676772,-18.033032439752546,-61.99299903760994,-64.91891678310917
1325.8799999999999,1450,537.8667530588042,96.33421673408552,4.991528981638014,-3251.4546854764562,3170.1380067558753,544.1978986640959,263.5587200652651,45,60.730613156242825,208.7764692669785,218.63020736247418,10.425247100844748,35.83935955578988,37.53088956304109,5.049017625771363,17.357244038741097,18.176463452776904,-952.329028655279,-18.24385112366435,-62.717740287453445,-65.67786404519165
1335.024,1460,534.417211840362,95.10252416771142,5.047524624739998,-3324.8143812750436,3242.923104770183,551.747623637996,266.51535721582155,45,61.69945024296391,212.10708583329156,222.11802087467007,10.49748142385837,36.08768286647136,37.790933125890135,5.070687922675448,17.431741031945542,18.254476521631613,-973.8155860889029,-18.527693799256145,-63.69351952888624,-66.69969767732212
1344.168,1470,530.9895825183264,93.88650482934925,5.103789243985161,-3399.35073643593,3316.884862146789,559.3446894890001,269.48619662950927,45,62.67734055455005,215.4688250941499,225.63842599638022,10.569627541364325,36.335702948953696,38.05065914891157,5.0923317579272345,17.50614705669024,18.332394328538044,-995.6467790705975,-18.814187057267528,-64.67841080147274,-67.7310734061631
1353.312,1480,527.5844907990772,92.68622851050971,5.160516014842921,-3475.3357828982594,3392.295310824839,567.0230958724278,272.48143820292404,45,63.66920628424998,218.87860830349953,229.20914262329993,10.642325372981002,36.58561968483856,38.31237134273161,5.114141107412238,17.581122077455703,18.410907986684055,-1017.902283910639,-19.1047725959204,-65.67737029861975,-68.77718134531344
1362.456,1490,524.2000877263896,91.50089639983034,5.217503628038604,-3552.5159061717773,3468.900836314077,574.7474115506991,275.49045256479195,45,64.67003796260397,222.3192141738819,232.8121366653743,10.714903272757255,36.835124125426304,38.57365178192612,5.135914477345114,17.655973409632026,18.489292118442414,-1040.5078186446385,-19.39798319620877,-66.68535409292737,-69.83273950635157
1371.6,1500,520.8383280075612,90.3310466280475,5.274922897148385,-3631.137909997271,3546.948242355291,582.5477003964756,278.52225887691134,45,65.68422671028316,225.80573826620446,236.46321615701936,10.787920377712512,37.08613844219989,38.83651335976504,5.157819608831691,17.731277704664098,18.568150591794087,-1063.535670414651,-19.69510500767872,-67.70678364084439,-70.9023780276434